TeamName,MatchID,Opponent,PointsFor,PointsAgainst,Tackle%,NumTackles,Passes,Meters,Breaks,DropGoals,Yellows,Reds
New Zealand,298218,South Africa,23.0,13,0.8181818181818182,126,143,367,12,0,0,0
South Africa,298218,New Zealand,13.0,23,0.7552447552447552,108,119,370,7,1,0,0
Japan,298215,Russia,30.0,10,0.864516129032258,134,183,653,16,0,0,0
Russia,298215,Japan,10.0,30,0.75,144,101,289,11,0,0,0
Argentina,298217,France,21.0,23,0.8076923076923077,105,113,308,7,0,0,0
France,298217,Argentina,23.0,21,0.9111111111111111,123,110,435,15,1,0,0
Australia,298216,Fiji,39.0,21,0.7669902912621359,79,167,490,8,0,0,0
Fiji,298216,Australia,21.0,39,0.8056872037914692,170,91,341,7,0,1,0
